<metadata xml:lang="pl"><Esri><CreaDate>20250404</CreaDate><CreaTime>10385000</CreaTime><ArcGISFormat>1.0</ArcGISFormat><SyncOnce>FALSE</SyncOnce><DataProperties><lineage><Process ToolSource="c:\program files\arcgis\pro\Resources\ArcToolbox\toolboxes\Data Management Tools.tbx\DefineProjection" Date="20250404" Time="103850">DefineProjection HYDRO_WODY_POWIERZCHNIOWE_A PROJCS["ETRF2000-PL_CS92",GEOGCS["ETRF2000-PL",DATUM["ETRF2000_Poland",SPHEROID["GRS_1980",6378137.0,298.257222101]],PRIMEM["Greenwich",0.0],UNIT["Degree",0.0174532925199433]],PROJECTION["Transverse_Mercator"],PARAMETER["False_Easting",500000.0],PARAMETER["False_Northing",-5300000.0],PARAMETER["Central_Meridian",19.0],PARAMETER["Scale_Factor",0.9993],PARAMETER["Latitude_Of_Origin",0.0],UNIT["Meter",1.0]]</Process><Process ToolSource="c:\program files\arcgis\pro\Resources\ArcToolbox\toolboxes\Analysis Tools.tbx\Clip" Date="20250404" Time="104222">Clip HYDRO_WODY_POWIERZCHNIOWE_A obszar_opracowania_2022 C:\Users\weron\OneDrive\Pulpit\studia\sem_6\sip\PROJ1\SIP_PROJ1_WO\SIP_PROJ1_WO.gdb\HYDRO_WODY_POWIERZCHNIO_Clip #</Process><Process ToolSource="c:\program files\arcgis\pro\Resources\ArcToolbox\toolboxes\Analysis Tools.tbx\Clip" Date="20250421" Time="222446">Clip HYDRO_Clip obszar_opracowania_2022 C:\Users\weron\OneDrive\Pulpit\studia\sem_6\sip\PROJ1\SIP_PROJ1_WO\SIP_PROJ1_WO.gdb\vmapl2u_clip #</Process><Process ToolSource="c:\program files\arcgis\pro\Resources\ArcToolbox\toolboxes\Data Management Tools.tbx\UpdateSchema" Date="20250423" Time="130013">UpdateSchema "CIMDATA=&lt;CIMStandardDataConnection xsi:type='typens:CIMStandardDataConnection' xmlns:xsi='http://www.w3.org/2001/XMLSchema-instance' xmlns:xs='http://www.w3.org/2001/XMLSchema' xmlns:typens='http://www.esri.com/schemas/ArcGIS/3.3.0'&gt;&lt;WorkspaceConnectionString&gt;DATABASE=C:\Users\weron\OneDrive\Pulpit\studia\sem_6\sip\PROJ1\SIP_PROJ1_WO\SIP_PROJ1_WO.gdb&lt;/WorkspaceConnectionString&gt;&lt;WorkspaceFactory&gt;FileGDB&lt;/WorkspaceFactory&gt;&lt;Dataset&gt;vmapl2u_clip&lt;/Dataset&gt;&lt;DatasetType&gt;esriDTFeatureClass&lt;/DatasetType&gt;&lt;/CIMStandardDataConnection&gt;" &lt;operationSequence&gt;&lt;workflow&gt;&lt;AddField&gt;&lt;field_name&gt;wskaznik_ksztaltu&lt;/field_name&gt;&lt;field_type&gt;DOUBLE&lt;/field_type&gt;&lt;field_is_nullable&gt;True&lt;/field_is_nullable&gt;&lt;field_is_required&gt;False&lt;/field_is_required&gt;&lt;/AddField&gt;&lt;/workflow&gt;&lt;/operationSequence&gt;</Process><Process ToolSource="c:\program files\arcgis\pro\Resources\ArcToolbox\toolboxes\Data Management Tools.tbx\CalculateField" Date="20250423" Time="130028">CalculateField "VMapL2u - 1990 r." wskaznik_ksztaltu "(4 * math.pi * !Shape_Area!) / (!Shape_Length! ** 2)" Python # Text NO_ENFORCE_DOMAINS</Process><Process ToolSource="c:\program files\arcgis\pro\Resources\ArcToolbox\toolboxes\Conversion Tools.tbx\ExportFeatures" Date="20250523" Time="171200">ExportFeatures "VMapL2u - 1990 r." C:\Users\weron\OneDrive\Pulpit\studia\sem_6\sip\warstwy\przebieg_1990.shp # NOT_USE_ALIAS "DLUG_BRZEG "DLUG_BRZEG" true true false 8 Double 0 0,First,#,VMapL2u - 1990 r.,DLUG_BRZEG,-1,-1;DLUGOSC "DLUGOSC" true true false 8 Double 0 0,First,#,VMapL2u - 1990 r.,DLUGOSC,-1,-1;DOKLADNOSC "DOKLADNOSC" true true false 40 Text 0 0,First,#,VMapL2u - 1990 r.,DOKLADNOSC,0,39;DOSTEPNOSC "DOSTEPNOSC" true true false 40 Text 0 0,First,#,VMapL2u - 1990 r.,DOSTEPNOSC,0,39;GLEBOKOSC "GLEBOKOSC" true true false 8 Double 0 0,First,#,VMapL2u - 1990 r.,GLEBOKOSC,-1,-1;ISTNIENIE "ISTNIENIE" true true false 40 Text 0 0,First,#,VMapL2u - 1990 r.,ISTNIENIE,0,39;KAT_HYDRO "KAT_HYDRO" true true false 50 Text 0 0,First,#,VMapL2u - 1990 r.,KAT_HYDRO,0,49;KAT_PLYWU "KAT_PLYWU" true true false 40 Text 0 0,First,#,VMapL2u - 1990 r.,KAT_PLYWU,0,39;KAT_POJEMN "KAT_POJEMN" true true false 8 Double 0 0,First,#,VMapL2u - 1990 r.,KAT_POJEMN,-1,-1;KAT_POLOZ "KAT_POLOZ" true true false 40 Text 0 0,First,#,VMapL2u - 1990 r.,KAT_POLOZ,0,39;KAT_WODY "KAT_WODY" true true false 50 Text 0 0,First,#,VMapL2u - 1990 r.,KAT_WODY,0,49;NAJW_WYS "NAJW_WYS" true true false 8 Double 0 0,First,#,VMapL2u - 1990 r.,NAJW_WYS,-1,-1;NAZWA "NAZWA" true true false 50 Text 0 0,First,#,VMapL2u - 1990 r.,NAZWA,0,49;OBIEKT "OBIEKT" true true false 50 Text 0 0,First,#,VMapL2u - 1990 r.,OBIEKT,0,49;OPR_UPUST "OPR_UPUST" true true false 8 Double 0 0,First,#,VMapL2u - 1990 r.,OPR_UPUST,-1,-1;OPR_ZBURZ "OPR_ZBURZ" true true false 8 Double 0 0,First,#,VMapL2u - 1990 r.,OPR_ZBURZ,-1,-1;POCH_HYDRO "POCH_HYDRO" true true false 40 Text 0 0,First,#,VMapL2u - 1990 r.,POCH_HYDRO,0,39;PRED_PRZEP "PRED_PRZEP" true true false 8 Double 0 0,First,#,VMapL2u - 1990 r.,PRED_PRZEP,-1,-1;SREDNIA_GL "SREDNIA_GL" true true false 8 Double 0 0,First,#,VMapL2u - 1990 r.,SREDNIA_GL,-1,-1;STAT_EKSPL "STAT_EKSPL" true true false 40 Text 0 0,First,#,VMapL2u - 1990 r.,STAT_EKSPL,0,39;SZEROKOSC "SZEROKOSC" true true false 8 Double 0 0,First,#,VMapL2u - 1990 r.,SZEROKOSC,-1,-1;TAJNOSC "TAJNOSC" true true false 40 Text 0 0,First,#,VMapL2u - 1990 r.,TAJNOSC,0,39;TYP_AKWED "TYP_AKWED" true true false 50 Text 0 0,First,#,VMapL2u - 1990 r.,TYP_AKWED,0,49;TYP_WYBRZ "TYP_WYBRZ" true true false 50 Text 0 0,First,#,VMapL2u - 1990 r.,TYP_WYBRZ,0,49;ZN_ORIENT "ZN_ORIENT" true true false 40 Text 0 0,First,#,VMapL2u - 1990 r.,ZN_ORIENT,0,39;POWIERZCHN "POWIERZCHN" true true false 8 Double 0 0,First,#,VMapL2u - 1990 r.,POWIERZCHN,-1,-1;ID "ID" true true false 4 Long 0 0,First,#,VMapL2u - 1990 r.,ID,-1,-1;Shape_Length "Shape_Length" false true true 8 Double 0 0,First,#,VMapL2u - 1990 r.,Shape_Length,-1,-1;Shape_Area "Shape_Area" false true true 8 Double 0 0,First,#,VMapL2u - 1990 r.,Shape_Area,-1,-1;wskaznik_ksztaltu "wskaznik_ksztaltu" true true false 8 Double 0 0,First,#,VMapL2u - 1990 r.,wskaznik_ksztaltu,-1,-1" #</Process></lineage><itemProps><itemName Sync="TRUE">przebieg_1990</itemName><imsContentType Sync="TRUE">002</imsContentType><itemLocation><linkage Sync="TRUE">file://\\WERONISS\C$\Users\weron\OneDrive\Pulpit\studia\sem_6\sip\warstwy\przebieg_1990.shp</linkage><protocol Sync="TRUE">Local Area Network</protocol></itemLocation><itemSize Sync="TRUE">0.000</itemSize></itemProps><coordRef><type Sync="TRUE">Projected</type><geogcsn Sync="TRUE">ETRF2000-PL</geogcsn><csUnits Sync="TRUE">Linear Unit: Meter (1.000000)</csUnits><projcsn Sync="TRUE">ETRF2000-PL_CS92</projcsn><peXml Sync="TRUE">&lt;ProjectedCoordinateSystem xsi:type='typens:ProjectedCoordinateSystem' xmlns:xsi='http://www.w3.org/2001/XMLSchema-instance' xmlns:xs='http://www.w3.org/2001/XMLSchema' xmlns:typens='http://www.esri.com/schemas/ArcGIS/3.3.0'&gt;&lt;WKT&gt;PROJCS[&amp;quot;ETRF2000-PL_CS92&amp;quot;,GEOGCS[&amp;quot;ETRF2000-PL&amp;quot;,DATUM[&amp;quot;ETRF2000_Poland&amp;quot;,SPHEROID[&amp;quot;GRS_1980&amp;quot;,6378137.0,298.257222101]],PRIMEM[&amp;quot;Greenwich&amp;quot;,0.0],UNIT[&amp;quot;Degree&amp;quot;,0.0174532925199433]],PROJECTION[&amp;quot;Transverse_Mercator&amp;quot;],PARAMETER[&amp;quot;False_Easting&amp;quot;,500000.0],PARAMETER[&amp;quot;False_Northing&amp;quot;,-5300000.0],PARAMETER[&amp;quot;Central_Meridian&amp;quot;,19.0],PARAMETER[&amp;quot;Scale_Factor&amp;quot;,0.9993],PARAMETER[&amp;quot;Latitude_Of_Origin&amp;quot;,0.0],UNIT[&amp;quot;Meter&amp;quot;,1.0],AUTHORITY[&amp;quot;EPSG&amp;quot;,2180]]&lt;/WKT&gt;&lt;XOrigin&gt;-5119200&lt;/XOrigin&gt;&lt;YOrigin&gt;-15295100&lt;/YOrigin&gt;&lt;XYScale&gt;450580747.30322808&lt;/XYScale&gt;&lt;ZOrigin&gt;-100000&lt;/ZOrigin&gt;&lt;ZScale&gt;10000&lt;/ZScale&gt;&lt;MOrigin&gt;-100000&lt;/MOrigin&gt;&lt;MScale&gt;10000&lt;/MScale&gt;&lt;XYTolerance&gt;0.001&lt;/XYTolerance&gt;&lt;ZTolerance&gt;0.001&lt;/ZTolerance&gt;&lt;MTolerance&gt;0.001&lt;/MTolerance&gt;&lt;HighPrecision&gt;true&lt;/HighPrecision&gt;&lt;WKID&gt;2180&lt;/WKID&gt;&lt;LatestWKID&gt;2180&lt;/LatestWKID&gt;&lt;/ProjectedCoordinateSystem&gt;</peXml></coordRef></DataProperties><SyncDate>20250523</SyncDate><SyncTime>17120000</SyncTime><ModDate>20250523</ModDate><ModTime>17120000</ModTime></Esri><dataIdInfo><envirDesc Sync="TRUE">Microsoft Windows 10 Version 10.0 (Build 26100) ; Esri ArcGIS 13.3.0.52636</envirDesc><dataLang><languageCode value="pol" Sync="TRUE"></languageCode><countryCode value="POL" Sync="TRUE"></countryCode></dataLang><idCitation><resTitle Sync="TRUE">przebieg_1990</resTitle><presForm><PresFormCd value="005" Sync="TRUE"></PresFormCd></presForm></idCitation><spatRpType><SpatRepTypCd value="001" Sync="TRUE"></SpatRepTypCd></spatRpType></dataIdInfo><mdLang><languageCode value="pol" Sync="TRUE"></languageCode><countryCode value="POL" Sync="TRUE"></countryCode></mdLang><distInfo><distFormat><formatName Sync="TRUE">Shapefile</formatName></distFormat><distTranOps><transSize Sync="TRUE">0.000</transSize></distTranOps></distInfo><mdHrLv><ScopeCd value="005" Sync="TRUE"></ScopeCd></mdHrLv><mdHrLvName Sync="TRUE">dataset</mdHrLvName><refSysInfo><RefSystem><refSysID><identCode code="2180" Sync="TRUE"></identCode><idCodeSpace Sync="TRUE">EPSG</idCodeSpace><idVersion Sync="TRUE">6.7(9.0.0)</idVersion></refSysID></RefSystem></refSysInfo><spatRepInfo><VectSpatRep><geometObjs Name="przebieg_1990"><geoObjTyp><GeoObjTypCd value="002" Sync="TRUE"></GeoObjTypCd></geoObjTyp><geoObjCnt Sync="TRUE">0</geoObjCnt></geometObjs><topLvl><TopoLevCd value="001" Sync="TRUE"></TopoLevCd></topLvl></VectSpatRep></spatRepInfo><spdoinfo><ptvctinf><esriterm Name="przebieg_1990"><efeatyp Sync="TRUE">Simple</efeatyp><efeageom code="4" Sync="TRUE"></efeageom><esritopo Sync="TRUE">FALSE</esritopo><efeacnt Sync="TRUE">0</efeacnt><spindex Sync="TRUE">FALSE</spindex><linrefer Sync="TRUE">FALSE</linrefer></esriterm></ptvctinf></spdoinfo><eainfo><detailed Name="przebieg_1990"><enttyp><enttypl Sync="TRUE">przebieg_1990</enttypl><enttypt Sync="TRUE">Feature Class</enttypt><enttypc Sync="TRUE">0</enttypc></enttyp><attr><attrlabl Sync="TRUE">FID</attrlabl><attalias Sync="TRUE">FID</attalias><attrtype Sync="TRUE">OID</attrtype><attwidth Sync="TRUE">4</attwidth><atprecis Sync="TRUE">0</atprecis><attscale Sync="TRUE">0</attscale><attrdef Sync="TRUE">Internal feature number.</attrdef><attrdefs Sync="TRUE">Esri</attrdefs><attrdomv><udom Sync="TRUE">Sequential unique whole numbers that are automatically generated.</udom></attrdomv></attr><attr><attrlabl Sync="TRUE">Shape</attrlabl><attalias Sync="TRUE">Shape</attalias><attrtype Sync="TRUE">Geometry</attrtype><attwidth Sync="TRUE">0</attwidth><atprecis Sync="TRUE">0</atprecis><attscale Sync="TRUE">0</attscale><attrdef Sync="TRUE">Feature geometry.</attrdef><attrdefs Sync="TRUE">Esri</attrdefs><attrdomv><udom Sync="TRUE">Coordinates defining the features.</udom></attrdomv></attr><attr><attrlabl Sync="TRUE">DLUG_BRZEG</attrlabl><attalias Sync="TRUE">DLUG_BRZEG</attalias><attrtype Sync="TRUE">Double</attrtype><attwidth Sync="TRUE">19</attwidth><atprecis Sync="TRUE">0</atprecis><attscale Sync="TRUE">0</attscale></attr><attr><attrlabl Sync="TRUE">DLUGOSC</attrlabl><attalias Sync="TRUE">DLUGOSC</attalias><attrtype Sync="TRUE">Double</attrtype><attwidth Sync="TRUE">19</attwidth><atprecis Sync="TRUE">0</atprecis><attscale Sync="TRUE">0</attscale></attr><attr><attrlabl Sync="TRUE">DOKLADNOSC</attrlabl><attalias Sync="TRUE">DOKLADNOSC</attalias><attrtype Sync="TRUE">String</attrtype><attwidth Sync="TRUE">40</attwidth><atprecis Sync="TRUE">0</atprecis><attscale Sync="TRUE">0</attscale></attr><attr><attrlabl Sync="TRUE">DOSTEPNOSC</attrlabl><attalias Sync="TRUE">DOSTEPNOSC</attalias><attrtype Sync="TRUE">String</attrtype><attwidth Sync="TRUE">40</attwidth><atprecis Sync="TRUE">0</atprecis><attscale Sync="TRUE">0</attscale></attr><attr><attrlabl Sync="TRUE">GLEBOKOSC</attrlabl><attalias Sync="TRUE">GLEBOKOSC</attalias><attrtype Sync="TRUE">Double</attrtype><attwidth Sync="TRUE">19</attwidth><atprecis Sync="TRUE">0</atprecis><attscale Sync="TRUE">0</attscale></attr><attr><attrlabl Sync="TRUE">ISTNIENIE</attrlabl><attalias Sync="TRUE">ISTNIENIE</attalias><attrtype Sync="TRUE">String</attrtype><attwidth Sync="TRUE">40</attwidth><atprecis Sync="TRUE">0</atprecis><attscale Sync="TRUE">0</attscale></attr><attr><attrlabl Sync="TRUE">KAT_HYDRO</attrlabl><attalias Sync="TRUE">KAT_HYDRO</attalias><attrtype Sync="TRUE">String</attrtype><attwidth Sync="TRUE">50</attwidth><atprecis Sync="TRUE">0</atprecis><attscale Sync="TRUE">0</attscale></attr><attr><attrlabl Sync="TRUE">KAT_PLYWU</attrlabl><attalias Sync="TRUE">KAT_PLYWU</attalias><attrtype Sync="TRUE">String</attrtype><attwidth Sync="TRUE">40</attwidth><atprecis Sync="TRUE">0</atprecis><attscale Sync="TRUE">0</attscale></attr><attr><attrlabl Sync="TRUE">KAT_POJEMN</attrlabl><attalias Sync="TRUE">KAT_POJEMN</attalias><attrtype Sync="TRUE">Double</attrtype><attwidth Sync="TRUE">19</attwidth><atprecis Sync="TRUE">0</atprecis><attscale Sync="TRUE">0</attscale></attr><attr><attrlabl Sync="TRUE">KAT_POLOZ</attrlabl><attalias Sync="TRUE">KAT_POLOZ</attalias><attrtype Sync="TRUE">String</attrtype><attwidth Sync="TRUE">40</attwidth><atprecis Sync="TRUE">0</atprecis><attscale Sync="TRUE">0</attscale></attr><attr><attrlabl Sync="TRUE">KAT_WODY</attrlabl><attalias Sync="TRUE">KAT_WODY</attalias><attrtype Sync="TRUE">String</attrtype><attwidth Sync="TRUE">50</attwidth><atprecis Sync="TRUE">0</atprecis><attscale Sync="TRUE">0</attscale></attr><attr><attrlabl Sync="TRUE">NAJW_WYS</attrlabl><attalias Sync="TRUE">NAJW_WYS</attalias><attrtype Sync="TRUE">Double</attrtype><attwidth Sync="TRUE">19</attwidth><atprecis Sync="TRUE">0</atprecis><attscale Sync="TRUE">0</attscale></attr><attr><attrlabl Sync="TRUE">NAZWA</attrlabl><attalias Sync="TRUE">NAZWA</attalias><attrtype Sync="TRUE">String</attrtype><attwidth Sync="TRUE">50</attwidth><atprecis Sync="TRUE">0</atprecis><attscale Sync="TRUE">0</attscale></attr><attr><attrlabl Sync="TRUE">OBIEKT</attrlabl><attalias Sync="TRUE">OBIEKT</attalias><attrtype Sync="TRUE">String</attrtype><attwidth Sync="TRUE">50</attwidth><atprecis Sync="TRUE">0</atprecis><attscale Sync="TRUE">0</attscale></attr><attr><attrlabl Sync="TRUE">OPR_UPUST</attrlabl><attalias Sync="TRUE">OPR_UPUST</attalias><attrtype Sync="TRUE">Double</attrtype><attwidth Sync="TRUE">19</attwidth><atprecis Sync="TRUE">0</atprecis><attscale Sync="TRUE">0</attscale></attr><attr><attrlabl Sync="TRUE">OPR_ZBURZ</attrlabl><attalias Sync="TRUE">OPR_ZBURZ</attalias><attrtype Sync="TRUE">Double</attrtype><attwidth Sync="TRUE">19</attwidth><atprecis Sync="TRUE">0</atprecis><attscale Sync="TRUE">0</attscale></attr><attr><attrlabl Sync="TRUE">POCH_HYDRO</attrlabl><attalias Sync="TRUE">POCH_HYDRO</attalias><attrtype Sync="TRUE">String</attrtype><attwidth Sync="TRUE">40</attwidth><atprecis Sync="TRUE">0</atprecis><attscale Sync="TRUE">0</attscale></attr><attr><attrlabl Sync="TRUE">PRED_PRZEP</attrlabl><attalias Sync="TRUE">PRED_PRZEP</attalias><attrtype Sync="TRUE">Double</attrtype><attwidth Sync="TRUE">19</attwidth><atprecis Sync="TRUE">0</atprecis><attscale Sync="TRUE">0</attscale></attr><attr><attrlabl Sync="TRUE">SREDNIA_GL</attrlabl><attalias Sync="TRUE">SREDNIA_GL</attalias><attrtype Sync="TRUE">Double</attrtype><attwidth Sync="TRUE">19</attwidth><atprecis Sync="TRUE">0</atprecis><attscale Sync="TRUE">0</attscale></attr><attr><attrlabl Sync="TRUE">STAT_EKSPL</attrlabl><attalias Sync="TRUE">STAT_EKSPL</attalias><attrtype Sync="TRUE">String</attrtype><attwidth Sync="TRUE">40</attwidth><atprecis Sync="TRUE">0</atprecis><attscale Sync="TRUE">0</attscale></attr><attr><attrlabl Sync="TRUE">SZEROKOSC</attrlabl><attalias Sync="TRUE">SZEROKOSC</attalias><attrtype Sync="TRUE">Double</attrtype><attwidth Sync="TRUE">19</attwidth><atprecis Sync="TRUE">0</atprecis><attscale Sync="TRUE">0</attscale></attr><attr><attrlabl Sync="TRUE">TAJNOSC</attrlabl><attalias Sync="TRUE">TAJNOSC</attalias><attrtype Sync="TRUE">String</attrtype><attwidth Sync="TRUE">40</attwidth><atprecis Sync="TRUE">0</atprecis><attscale Sync="TRUE">0</attscale></attr><attr><attrlabl Sync="TRUE">TYP_AKWED</attrlabl><attalias Sync="TRUE">TYP_AKWED</attalias><attrtype Sync="TRUE">String</attrtype><attwidth Sync="TRUE">50</attwidth><atprecis Sync="TRUE">0</atprecis><attscale Sync="TRUE">0</attscale></attr><attr><attrlabl Sync="TRUE">TYP_WYBRZ</attrlabl><attalias Sync="TRUE">TYP_WYBRZ</attalias><attrtype Sync="TRUE">String</attrtype><attwidth Sync="TRUE">50</attwidth><atprecis Sync="TRUE">0</atprecis><attscale Sync="TRUE">0</attscale></attr><attr><attrlabl Sync="TRUE">ZN_ORIENT</attrlabl><attalias Sync="TRUE">ZN_ORIENT</attalias><attrtype Sync="TRUE">String</attrtype><attwidth Sync="TRUE">40</attwidth><atprecis Sync="TRUE">0</atprecis><attscale Sync="TRUE">0</attscale></attr><attr><attrlabl Sync="TRUE">POWIERZCHN</attrlabl><attalias Sync="TRUE">POWIERZCHN</attalias><attrtype Sync="TRUE">Double</attrtype><attwidth Sync="TRUE">19</attwidth><atprecis Sync="TRUE">0</atprecis><attscale Sync="TRUE">0</attscale></attr><attr><attrlabl Sync="TRUE">ID</attrlabl><attalias Sync="TRUE">ID</attalias><attrtype Sync="TRUE">Integer</attrtype><attwidth Sync="TRUE">10</attwidth><atprecis Sync="TRUE">10</atprecis><attscale Sync="TRUE">0</attscale></attr><attr><attrlabl Sync="TRUE">Shape_Leng</attrlabl><attalias Sync="TRUE">Shape_Leng</attalias><attrtype Sync="TRUE">Double</attrtype><attwidth Sync="TRUE">19</attwidth><atprecis Sync="TRUE">0</atprecis><attscale Sync="TRUE">0</attscale></attr><attr><attrlabl Sync="TRUE">Shape_Area</attrlabl><attalias Sync="TRUE">Shape_Area</attalias><attrtype Sync="TRUE">Double</attrtype><attwidth Sync="TRUE">19</attwidth><atprecis Sync="TRUE">0</atprecis><attscale Sync="TRUE">0</attscale><attrdef Sync="TRUE">Area of feature in internal units squared.</attrdef><attrdefs Sync="TRUE">Esri</attrdefs><attrdomv><udom Sync="TRUE">Positive real numbers that are automatically generated.</udom></attrdomv></attr><attr><attrlabl Sync="TRUE">wskaznik_k</attrlabl><attalias Sync="TRUE">wskaznik_k</attalias><attrtype Sync="TRUE">Double</attrtype><attwidth Sync="TRUE">19</attwidth><atprecis Sync="TRUE">0</atprecis><attscale Sync="TRUE">0</attscale></attr></detailed></eainfo><mdDateSt Sync="TRUE">20250523</mdDateSt></metadata>
